station	depth	genus	percDia	method
007	DCM	Pennate	9.12408759124088	microscopy
007	DCM	Eucampia	0.364963503649635	microscopy
007	DCM	Dactyliosolen	2.18978102189781	microscopy
007	DCM	Rhizosolenia	1.82481751824818	microscopy
007	DCM	Proboscia	9.48905109489051	microscopy
007	DCM	Chaetoceros	9.12408759124088	microscopy
007	DCM	Leptocylindrus	8.02919708029197	microscopy
007	DCM	Navicula	4.37956204379562	microscopy
007	DCM	Centric 10 µm	1.09489051094891	microscopy
007	DCM	Guinardia	1.45985401459854	microscopy
007	DCM	Cylindrotheca	32.4817518248175	microscopy
007	DCM	Pseudo-nitzschia	17.5182481751825	microscopy
007	DCM	Hemiaulus	1.45985401459854	microscopy
007	DCM	Pseudosolenia	1.45985401459854	microscopy
007	SRF	Pseudo-nitzschia	11.4795918367347	microscopy
007	SRF	Cylindrotheca	34.6938775510204	microscopy
007	SRF	Proboscia	9.94897959183673	microscopy
007	SRF	Nitzschia	0.76530612244898	microscopy
007	SRF	Chaetoceros	3.57142857142857	microscopy
007	SRF	Cyclotella	0.76530612244898	microscopy
007	SRF	Centric 10 µm	0.255102040816327	microscopy
007	SRF	Hemiaulus	2.80612244897959	microscopy
007	SRF	Leptocylindrus	14.5408163265306	microscopy
007	SRF	Dactyliosolen	4.33673469387755	microscopy
007	SRF	Rhizosolenia	0.510204081632653	microscopy
007	SRF	Pseudosolenia	1.27551020408163	microscopy
007	SRF	Navicula	14.7959183673469	microscopy
007	SRF	Haslea	0.255102040816327	microscopy
011	SRF	Pennate	0.578034682080925	microscopy
011	SRF	Proboscia	8.09248554913295	microscopy
011	SRF	Guinardia	8.67052023121387	microscopy
011	SRF	Pseudo-nitzschia	11.5606936416185	microscopy
011	SRF	Chaetoceros	25.4335260115607	microscopy
011	SRF	Leptocylindrus	17.9190751445087	microscopy
011	SRF	Rhizosolenia	2.89017341040462	microscopy
011	SRF	Centric 10 µm	3.46820809248555	microscopy
011	SRF	Centric diatoms 30-50 µm 	4.6242774566474	microscopy
011	SRF	Hemiaulus	16.7630057803468	microscopy
014	SRF	Proboscia	12.9770992366412	microscopy
014	SRF	Asterolampra	0.763358778625954	microscopy
014	SRF	Centric diatoms 30-50 µm 	0.763358778625954	microscopy
014	SRF	Chaetoceros	64.8854961832061	microscopy
014	SRF	Leptocylindrus	9.16030534351145	microscopy
014	SRF	Pennate	2.29007633587786	microscopy
014	SRF	Hemiaulus	9.16030534351145	microscopy
018	DCM	Hemiaulus	1.9047619047619	microscopy
018	DCM	Cylindrotheca	0.952380952380952	microscopy
018	DCM	Pennate	3.80952380952381	microscopy
018	DCM	Proboscia	40.952380952381	microscopy
018	DCM	Centric 10 µm	1.9047619047619	microscopy
018	DCM	Pseudo-nitzschia	4.76190476190476	microscopy
018	DCM	Asterolampra	0.952380952380952	microscopy
018	DCM	Nitzschia	0.952380952380952	microscopy
018	DCM	Chaetoceros	43.8095238095238	microscopy
018	SRF	Guinardia	1.68539325842697	microscopy
018	SRF	Proboscia	59.5505617977528	microscopy
018	SRF	Hemiaulus	1.12359550561798	microscopy
018	SRF	Asterolampra	0.561797752808989	microscopy
018	SRF	Rhizosolenia	0.561797752808989	microscopy
018	SRF	Centric 10 µm	1.12359550561798	microscopy
018	SRF	Cylindrotheca	1.12359550561798	microscopy
018	SRF	Leptocylindrus	4.49438202247191	microscopy
018	SRF	Pennate	1.68539325842697	microscopy
018	SRF	Chaetoceros	25.8426966292135	microscopy
018	SRF	Pseudo-nitzschia	1.12359550561798	microscopy
018	SRF	Pseudosolenia	1.12359550561798	microscopy
025	DCM	Actinocyclus	0.645161290322581	microscopy
025	DCM	Pennate	1.93548387096774	microscopy
025	DCM	Cerataulina	0.645161290322581	microscopy
025	DCM	Leptocylindrus	7.09677419354839	microscopy
025	DCM	Hemiaulus	8.38709677419355	microscopy
025	DCM	Asteromphalus	0.645161290322581	microscopy
025	DCM	Centric 10 µm	0.645161290322581	microscopy
025	DCM	Pseudo-nitzschia	4.51612903225806	microscopy
025	DCM	Cylindrotheca	0.645161290322581	microscopy
025	DCM	Rhizosolenia	1.93548387096774	microscopy
025	DCM	Guinardia	4.51612903225806	microscopy
025	DCM	Nitzschia	0.645161290322581	microscopy
025	DCM	Chaetoceros	14.8387096774194	microscopy
025	DCM	Proboscia	25.1612903225806	microscopy
025	DCM	Thalassionema	27.0967741935484	microscopy
025	DCM	Pseudosolenia	0.645161290322581	microscopy
025	SRF	Hemiaulus	25.4237288135593	microscopy
025	SRF	Proboscia	0.847457627118644	microscopy
025	SRF	Chaetoceros	8.05084745762712	microscopy
025	SRF	Pennate	38.5593220338983	microscopy
025	SRF	Centric 10 µm	0.847457627118644	microscopy
025	SRF	Pseudo-nitzschia	4.66101694915254	microscopy
025	SRF	Asteromphalus	0.423728813559322	microscopy
025	SRF	Guinardia	13.9830508474576	microscopy
025	SRF	Pseudosolenia	2.11864406779661	microscopy
025	SRF	Asterolampra	0.847457627118644	microscopy
025	SRF	Nitzschia	0.423728813559322	microscopy
025	SRF	Leptocylindrus	0.847457627118644	microscopy
025	SRF	Centric diatoms 30-50 µm 	2.11864406779661	microscopy
025	SRF	Rhizosolenia	0.847457627118644	microscopy
030	DCM	Dactyliosolen	4.1958041958042	microscopy
030	DCM	Nitzschia	4.8951048951049	microscopy
030	DCM	Thalassionema	3.4965034965035	microscopy
030	DCM	Hemiaulus	25.8741258741259	microscopy
030	DCM	Leptocylindrus	1.3986013986014	microscopy
030	DCM	Thalassiosira	0.699300699300699	microscopy
030	DCM	Asterolampra	3.4965034965035	microscopy
030	DCM	Pseudosolenia	6.99300699300699	microscopy
030	DCM	Chaetoceros	17.4825174825175	microscopy
030	DCM	Bacteriastrum	19.5804195804196	microscopy
030	DCM	Fragilariopsis	2.0979020979021	microscopy
030	DCM	Proboscia	6.29370629370629	microscopy
030	DCM	Pennate	3.4965034965035	microscopy
030	SRF	Bacteriastrum	22.1804511278195	microscopy
030	SRF	Guinardia	0.75187969924812	microscopy
030	SRF	Chaetoceros	39.4736842105263	microscopy
030	SRF	Pennate	1.8796992481203	microscopy
030	SRF	Asterolampra	3.38345864661654	microscopy
030	SRF	Thalassionema	1.8796992481203	microscopy
030	SRF	Dactyliosolen	5.26315789473684	microscopy
030	SRF	Hemiaulus	10.9022556390977	microscopy
030	SRF	Coscinodiscus	0.75187969924812	microscopy
030	SRF	Thalassiosira	0.37593984962406	microscopy
030	SRF	Leptocylindrus	0.37593984962406	microscopy
030	SRF	Pseudosolenia	6.39097744360902	microscopy
030	SRF	Cylindrotheca	1.12781954887218	microscopy
030	SRF	Proboscia	4.88721804511278	microscopy
030	SRF	Rhizosolenia	0.37593984962406	microscopy
036	DCM	Nitzschia	5.76923076923077	microscopy
036	DCM	Pennate	2.56410256410256	microscopy
036	DCM	Leptocylindrus	1.92307692307692	microscopy
036	DCM	Centric 10 µm	1.92307692307692	microscopy
036	DCM	Proboscia	58.974358974359	microscopy
036	DCM	Cylindrotheca	0.641025641025641	microscopy
036	DCM	Pseudo-nitzschia	8.97435897435897	microscopy
036	DCM	Dactyliosolen	0.641025641025641	microscopy
036	DCM	Cerataulina	0.641025641025641	microscopy
036	DCM	Lioloma	0.641025641025641	microscopy
036	DCM	Haslea	2.56410256410256	microscopy
036	DCM	Rhizosolenia	10.2564102564103	microscopy
036	DCM	Pseudosolenia	0.641025641025641	microscopy
036	DCM	Chaetoceros	2.56410256410256	microscopy
036	DCM	Hemiaulus	1.28205128205128	microscopy
036	SRF	Pennate	5.99455040871935	microscopy
036	SRF	Rhizosolenia	8.17438692098093	microscopy
036	SRF	Nitzschia	5.17711171662125	microscopy
036	SRF	Guinardia	0.817438692098093	microscopy
036	SRF	Chaetoceros	3.54223433242507	microscopy
036	SRF	Azpeitia	0.272479564032698	microscopy
036	SRF	Proboscia	32.425068119891	microscopy
036	SRF	Thalassionema	0.544959128065395	microscopy
036	SRF	Lioloma	0.817438692098093	microscopy
036	SRF	Lithodesmium	0.272479564032698	microscopy
036	SRF	Dactyliosolen	1.63487738419619	microscopy
036	SRF	Cylindrotheca	10.3542234332425	microscopy
036	SRF	Centric 10 µm	0.817438692098093	microscopy
036	SRF	Leptocylindrus	15.5313351498638	microscopy
036	SRF	Haslea	2.17983651226158	microscopy
036	SRF	Coscinodiscus	0.272479564032698	microscopy
036	SRF	Cerataulina	0.544959128065395	microscopy
036	SRF	Pseudo-nitzschia	8.71934604904632	microscopy
036	SRF	Bacteriastrum	1.90735694822888	microscopy
038	DCM	Cerataulina	6.25	microscopy
038	DCM	Pseudo-nitzschia	3.125	microscopy
038	DCM	Nitzschia	6.25	microscopy
038	DCM	Rhizosolenia	6.25	microscopy
038	DCM	Dactyliosolen	21.875	microscopy
038	DCM	Pennate	40.625	microscopy
038	DCM	Cylindrotheca	9.375	microscopy
038	DCM	Centric 10 µm	6.25	microscopy
038	SRF	Proboscia	33.3333333333333	microscopy
038	SRF	Centric 10 µm	33.3333333333333	microscopy
038	SRF	Nitzschia	33.3333333333333	microscopy
041	DCM	Climacodium	3.21543408360129	microscopy
041	DCM	Pennate	9.64630225080386	microscopy
041	DCM	Leptocylindrus	6.10932475884244	microscopy
041	DCM	Pseudo-nitzschia	16.7202572347267	microscopy
041	DCM	Centric 10 µm	3.21543408360129	microscopy
041	DCM	Thalassionema	2.89389067524116	microscopy
041	DCM	Spatangidium	0.321543408360129	microscopy
041	DCM	Haslea	0.964630225080386	microscopy
041	DCM	Bacteriastrum	14.7909967845659	microscopy
041	DCM	Chaetoceros	25.7234726688103	microscopy
041	DCM	Planktoniella	1.60771704180064	microscopy
041	DCM	Rhizosolenia	2.57234726688103	microscopy
041	DCM	Hemiaulus	0.964630225080386	microscopy
041	DCM	Eucampia	1.60771704180064	microscopy
041	DCM	Thalassiosira	0.321543408360129	microscopy
041	DCM	Pseudosolenia	0.321543408360129	microscopy
041	DCM	Dactyliosolen	0.964630225080386	microscopy
041	DCM	Proboscia	1.28617363344051	microscopy
041	DCM	Guinardia	1.60771704180064	microscopy
041	DCM	Cylindrotheca	0.321543408360129	microscopy
041	DCM	Nitzschia	0.321543408360129	microscopy
041	DCM	Actinocyclus	3.21543408360129	microscopy
041	DCM	Asteromphalus	0.321543408360129	microscopy
041	DCM	Cerataulina	0.964630225080386	microscopy
041	SRF	Nitzschia	4.70588235294118	microscopy
041	SRF	Cylindrotheca	7.05882352941176	microscopy
041	SRF	Eucampia	4.70588235294118	microscopy
041	SRF	Chaetoceros	35.2941176470588	microscopy
041	SRF	Pennate	3.52941176470588	microscopy
041	SRF	Rhizosolenia	2.35294117647059	microscopy
041	SRF	Pseudosolenia	1.17647058823529	microscopy
041	SRF	Centric 10 µm	8.23529411764706	microscopy
041	SRF	Hemiaulus	32.9411764705882	microscopy
046	SRF	Thalassiosira	14.1666666666667	microscopy
046	SRF	Pennate	2.91666666666667	microscopy
046	SRF	Helicotheca	0.833333333333333	microscopy
046	SRF	Bacteriastrum	12.0833333333333	microscopy
046	SRF	Cylindrotheca	2.5	microscopy
046	SRF	Skeletonema	13.75	microscopy
046	SRF	Pseudo-nitzschia	17.0833333333333	microscopy
046	SRF	Asterolampra	0.416666666666667	microscopy
046	SRF	Guinardia	1.25	microscopy
046	SRF	Rhizosolenia	0.833333333333333	microscopy
046	SRF	Chaetoceros	29.5833333333333	microscopy
046	SRF	Centric 10 µm	1.66666666666667	microscopy
046	SRF	Dactyliosolen	2.91666666666667	microscopy
051	SRF	Bacteriastrum	2.29007633587786	microscopy
051	SRF	Asterolampra	3.05343511450382	microscopy
051	SRF	Chaetoceros	35.8778625954198	microscopy
051	SRF	Pseudosolenia	0.763358778625954	microscopy
051	SRF	Hemiaulus	7.63358778625954	microscopy
051	SRF	Dactyliosolen	15.2671755725191	microscopy
051	SRF	Navicula	5.34351145038168	microscopy
051	SRF	Rhizosolenia	6.10687022900763	microscopy
051	SRF	Asteromphalus	7.63358778625954	microscopy
051	SRF	Pennate	5.34351145038168	microscopy
051	SRF	Nitzschia	3.05343511450382	microscopy
051	SRF	Cylindrotheca	7.63358778625954	microscopy
052	DCM	Pennate	9.58904109589041	microscopy
052	DCM	Proboscia	0.273972602739726	microscopy
052	DCM	Bacteriastrum	2.46575342465753	microscopy
052	DCM	Centric diatoms 30-50 µm 	2.46575342465753	microscopy
052	DCM	Planktoniella	1.91780821917808	microscopy
052	DCM	Centric 10 µm	31.2328767123288	microscopy
052	DCM	Pseudo-nitzschia	4.93150684931507	microscopy
052	DCM	Asteromphalus	0.821917808219178	microscopy
052	DCM	Fragilariopsis	18.6301369863014	microscopy
052	DCM	Rhizosolenia	5.2054794520548	microscopy
052	DCM	Dactyliosolen	0.821917808219178	microscopy
052	DCM	Odontella	0.547945205479452	microscopy
052	DCM	Chaetoceros	15.8904109589041	microscopy
052	DCM	Cylindrotheca	4.65753424657534	microscopy
052	DCM	Climacodium	0.547945205479452	microscopy
052	SRF	Pseudo-nitzschia	2.27272727272727	microscopy
052	SRF	Centric diatoms 30-50 µm 	15.9090909090909	microscopy
052	SRF	Bacteriastrum	16.8181818181818	microscopy
052	SRF	Ditylum	0.454545454545455	microscopy
052	SRF	Chaetoceros	12.7272727272727	microscopy
052	SRF	Rhizosolenia	0.454545454545455	microscopy
052	SRF	Fragilariopsis	0.909090909090909	microscopy
052	SRF	Asteromphalus	2.27272727272727	microscopy
052	SRF	Haslea	0.909090909090909	microscopy
052	SRF	Pennate	4.09090909090909	microscopy
052	SRF	Nitzschia	0.909090909090909	microscopy
052	SRF	Centric 10 µm	42.2727272727273	microscopy
064	DCM	Lauderia	0.965250965250965	microscopy
064	DCM	Helicotheca	1.35135135135135	microscopy
064	DCM	Cerataulina	1.15830115830116	microscopy
064	DCM	Proboscia	0.193050193050193	microscopy
064	DCM	Chaetoceros	45.5598455598456	microscopy
064	DCM	Nitzschia	0.386100386100386	microscopy
064	DCM	Cylindrotheca	0.386100386100386	microscopy
064	DCM	Pennate	1.93050193050193	microscopy
064	DCM	Rhizosolenia	0.386100386100386	microscopy
064	DCM	Eucampia	1.35135135135135	microscopy
064	DCM	Hemiaulus	1.54440154440154	microscopy
064	DCM	Centric 10 µm	2.12355212355212	microscopy
064	DCM	Bacteriastrum	18.5328185328185	microscopy
064	DCM	Corethron	1.35135135135135	microscopy
064	DCM	Guinardia	0.193050193050193	microscopy
064	DCM	Pseudo-nitzschia	2.50965250965251	microscopy
064	DCM	Thalassionema	1.35135135135135	microscopy
064	DCM	Dactyliosolen	0.965250965250965	microscopy
064	DCM	Centric diatoms 30-50 µm 	17.7606177606178	microscopy
064	SRF	Climacodium	0.181818181818182	microscopy
064	SRF	Hemiaulus	2.54545454545455	microscopy
064	SRF	Pseudo-nitzschia	3.09090909090909	microscopy
064	SRF	Cylindrotheca	0.545454545454545	microscopy
064	SRF	Rhizosolenia	0.545454545454545	microscopy
064	SRF	Dactyliosolen	0.363636363636364	microscopy
064	SRF	Eucampia	0.545454545454545	microscopy
064	SRF	Fragilariopsis	1.27272727272727	microscopy
064	SRF	Pennate	0.909090909090909	microscopy
064	SRF	Thalassiosira	1.09090909090909	microscopy
064	SRF	Nitzschia	0.181818181818182	microscopy
064	SRF	Proboscia	0.363636363636364	microscopy
064	SRF	Thalassionema	2.54545454545455	microscopy
064	SRF	Corethron	1.63636363636364	microscopy
064	SRF	Centric 10 µm	2	microscopy
064	SRF	Planktoniella	0.363636363636364	microscopy
064	SRF	Coscinodiscus	0.181818181818182	microscopy
064	SRF	Asteromphalus	1.63636363636364	microscopy
064	SRF	Cerataulina	0.909090909090909	microscopy
064	SRF	Pseudosolenia	0.181818181818182	microscopy
064	SRF	Detonula	0.363636363636364	microscopy
064	SRF	Chaetoceros	28.3636363636364	microscopy
064	SRF	Bacteriastrum	24.5454545454545	microscopy
064	SRF	Centric diatoms 30-50 µm 	25.6363636363636	microscopy
065	SRF	Lauderia	1.90839694656489	microscopy
065	SRF	Centric diatoms 30-50 µm 	19.7201017811705	microscopy
065	SRF	Leptocylindrus	0.636132315521629	microscopy
065	SRF	Eucampia	5.97964376590331	microscopy
065	SRF	Ditylum	0.127226463104326	microscopy
065	SRF	Cerataulina	1.90839694656489	microscopy
065	SRF	Pennate	9.66921119592875	microscopy
065	SRF	Chaetoceros	19.9745547073791	microscopy
065	SRF	Proboscia	0.254452926208651	microscopy
065	SRF	Hemidiscus	0.254452926208651	microscopy
065	SRF	Pseudo-nitzschia	0.636132315521629	microscopy
065	SRF	Skeletonema	0.254452926208651	microscopy
065	SRF	Guinardia	2.67175572519084	microscopy
065	SRF	Thalassionema	6.61577608142494	microscopy
065	SRF	Cylindrotheca	1.65394402035623	microscopy
065	SRF	Fragilariopsis	1.14503816793893	microscopy
065	SRF	Pseudosolenia	0.254452926208651	microscopy
065	SRF	Asteromphalus	0.127226463104326	microscopy
065	SRF	Climacodium	0.254452926208651	microscopy
065	SRF	Planktoniella	0.508905852417303	microscopy
065	SRF	Lithodesmium	2.79898218829517	microscopy
065	SRF	Dactyliosolen	0.254452926208651	microscopy
065	SRF	Haslea	0.127226463104326	microscopy
065	SRF	Odontella	1.78117048346056	microscopy
065	SRF	Bacteriastrum	19.5928753180662	microscopy
065	SRF	Hemiaulus	0.89058524173028	microscopy
066	SRF	Rhizosolenia	0.36697247706422	microscopy
066	SRF	Fragilariopsis	71.743119266055	microscopy
066	SRF	Thalassionema	0.18348623853211	microscopy
066	SRF	Leptocylindrus	1.46788990825688	microscopy
066	SRF	Pennate	0.55045871559633	microscopy
066	SRF	Planktoniella	0.18348623853211	microscopy
066	SRF	Cylindrotheca	0.18348623853211	microscopy
066	SRF	Centric 10 µm	22.7522935779816	microscopy
066	SRF	Corethron	0.18348623853211	microscopy
066	SRF	Chaetoceros	1.10091743119266	microscopy
066	SRF	Hemidiscus	1.28440366972477	microscopy
067	SRF	Pennate	12.2448979591837	microscopy
067	SRF	Thalassionema	4.76190476190476	microscopy
067	SRF	Cylindrotheca	4.08163265306122	microscopy
067	SRF	Pseudo-nitzschia	5.4421768707483	microscopy
067	SRF	Centric 10 µm	73.469387755102	microscopy
068	SRF	Planktoniella	0.803212851405622	microscopy
068	SRF	Cylindrotheca	8.43373493975904	microscopy
068	SRF	Pseudo-nitzschia	22.0883534136546	microscopy
068	SRF	Eucampia	2.81124497991968	microscopy
068	SRF	Hemiaulus	0.803212851405622	microscopy
068	SRF	Corethron	2.40963855421687	microscopy
068	SRF	Ditylum	1.60642570281124	microscopy
068	SRF	Haslea	3.21285140562249	microscopy
068	SRF	Leptocylindrus	2.00803212851406	microscopy
068	SRF	Rhizosolenia	4.01606425702811	microscopy
068	SRF	Guinardia	8.03212851405623	microscopy
068	SRF	Hemidiscus	0.803212851405622	microscopy
068	SRF	Pennate	27.710843373494	microscopy
068	SRF	Fragilariopsis	4.41767068273092	microscopy
068	SRF	Chaetoceros	10.8433734939759	microscopy
070	SRF	Hemidiscus	1.47368421052632	microscopy
070	SRF	Haslea	0.842105263157895	microscopy
070	SRF	Centric 10 µm	27.1578947368421	microscopy
070	SRF	Chaetoceros	1.47368421052632	microscopy
070	SRF	Planktoniella	3.36842105263158	microscopy
070	SRF	Fragilariopsis	5.26315789473684	microscopy
070	SRF	Cylindrotheca	22.1052631578947	microscopy
070	SRF	Leptocylindrus	0.631578947368421	microscopy
070	SRF	Rhizosolenia	1.26315789473684	microscopy
070	SRF	Asteromphalus	0.421052631578947	microscopy
070	SRF	Ditylum	0.631578947368421	microscopy
070	SRF	Pennate	18.3157894736842	microscopy
070	SRF	Pseudo-nitzschia	14.3157894736842	microscopy
070	SRF	Centric diatoms 30-50 µm 	0.421052631578947	microscopy
070	SRF	Proboscia	0.210526315789474	microscopy
070	SRF	Dactyliosolen	0.631578947368421	microscopy
070	SRF	Nitzschia	0.842105263157895	microscopy
070	SRF	Thalassiosira	0.631578947368421	microscopy
072	DCM	Hemiaulus	1.31578947368421	microscopy
072	DCM	Centric 10 µm	42.1052631578947	microscopy
072	DCM	Chaetoceros	28.9473684210526	microscopy
072	DCM	Pennate	21.0526315789474	microscopy
072	DCM	Leptocylindrus	1.31578947368421	microscopy
072	DCM	Cylindrotheca	1.31578947368421	microscopy
072	DCM	Bacteriastrum	1.31578947368421	microscopy
072	DCM	Fragilariopsis	1.31578947368421	microscopy
072	DCM	Centric diatoms 30-50 µm 	1.31578947368421	microscopy
072	SRF	Chaetoceros	48.1707317073171	microscopy
072	SRF	Pennate	6.09756097560976	microscopy
072	SRF	Centric 10 µm	35.3658536585366	microscopy
072	SRF	Nitzschia	0.609756097560976	microscopy
072	SRF	Centric diatoms 30-50 µm 	4.8780487804878	microscopy
072	SRF	Bacteriastrum	4.8780487804878	microscopy
076	DCM	Asteromphalus	0.427350427350427	microscopy
076	DCM	Centric 10 µm	51.2820512820513	microscopy
076	DCM	Coscinodiscus	1.28205128205128	microscopy
076	DCM	Pennate	12.8205128205128	microscopy
076	DCM	Centric diatoms 30-50 µm 	2.56410256410256	microscopy
076	DCM	Pseudo-nitzschia	1.28205128205128	microscopy
076	DCM	Biddulphia	0.427350427350427	microscopy
076	DCM	Eucampia	0.854700854700855	microscopy
076	DCM	Dactyliosolen	3.84615384615385	microscopy
076	DCM	Chaetoceros	16.6666666666667	microscopy
076	DCM	Hemiaulus	2.13675213675214	microscopy
076	DCM	Cylindrotheca	3.41880341880342	microscopy
076	DCM	Bacteriastrum	2.13675213675214	microscopy
076	DCM	Rhizosolenia	0.854700854700855	microscopy
076	SRF	Rhizosolenia	3.1578947368421	microscopy
076	SRF	Biddulphia	1.05263157894737	microscopy
076	SRF	Pennate	4.21052631578947	microscopy
076	SRF	Asteromphalus	2.10526315789474	microscopy
076	SRF	Chaetoceros	54.7368421052632	microscopy
076	SRF	Bacteriastrum	8.42105263157895	microscopy
076	SRF	Cylindrotheca	1.05263157894737	microscopy
076	SRF	Hemiaulus	10.5263157894737	microscopy
076	SRF	Centric 10 µm	1.05263157894737	microscopy
076	SRF	Centric diatoms 30-50 µm 	10.5263157894737	microscopy
076	SRF	Haslea	3.1578947368421	microscopy
078	DCM	Pennate	8.26086956521739	microscopy
078	DCM	Proboscia	0.869565217391304	microscopy
078	DCM	Centric 10 µm	56.0869565217391	microscopy
078	DCM	Pseudo-nitzschia	2.17391304347826	microscopy
078	DCM	Chaetoceros	15.6521739130435	microscopy
078	DCM	Dactyliosolen	2.60869565217391	microscopy
078	DCM	Haslea	0.434782608695652	microscopy
078	DCM	Guinardia	0.434782608695652	microscopy
078	DCM	Leptocylindrus	1.30434782608696	microscopy
078	DCM	Thalassionema	3.04347826086957	microscopy
078	DCM	Cylindrotheca	3.91304347826087	microscopy
078	DCM	Hemiaulus	0.434782608695652	microscopy
078	DCM	Cerataulina	0.434782608695652	microscopy
078	DCM	Bacteriastrum	2.17391304347826	microscopy
078	DCM	Centric diatoms 30-50 µm 	2.17391304347826	microscopy
078	SRF	Pennate	12.5	microscopy
078	SRF	Asteromphalus	3.125	microscopy
078	SRF	Chaetoceros	81.25	microscopy
078	SRF	Centric diatoms 30-50 µm 	3.125	microscopy
079	DCM	Thalassionema	18.8524590163934	microscopy
079	DCM	Guinardia	1.63934426229508	microscopy
079	DCM	Actinocyclus	26.2295081967213	microscopy
079	DCM	Coscinodiscus	21.3114754098361	microscopy
079	DCM	Centric diatoms 30-50 µm 	6.55737704918033	microscopy
079	DCM	Rhizosolenia	0.819672131147541	microscopy
079	DCM	Centric 10 µm	23.7704918032787	microscopy
079	DCM	Pennate	0.819672131147541	microscopy
080	DCM	Thalassiosira	0.29673590504451	microscopy
080	DCM	Guinardia	0.395647873392681	microscopy
080	DCM	Bacteriastrum	9.49554896142433	microscopy
080	DCM	Planktoniella	0.0989119683481701	microscopy
080	DCM	Asteromphalus	0.494559841740851	microscopy
080	DCM	Chaetoceros	45.7962413452028	microscopy
080	DCM	Corethron	0.890207715133531	microscopy
080	DCM	Pennate	2.76953511374876	microscopy
080	DCM	Cerataulina	0.29673590504451	microscopy
080	DCM	Actinocyclus	0.593471810089021	microscopy
080	DCM	Centric 10 µm	0.593471810089021	microscopy
080	DCM	Eucampia	0.19782393669634	microscopy
080	DCM	Cylindrotheca	0.0989119683481701	microscopy
080	DCM	Coscinodiscus	0.395647873392681	microscopy
080	DCM	Leptocylindrus	3.16518298714144	microscopy
080	DCM	Proboscia	0.494559841740851	microscopy
080	DCM	Nitzschia	0.0989119683481701	microscopy
080	DCM	Skeletonema	0.395647873392681	microscopy
080	DCM	Dactyliosolen	0.989119683481701	microscopy
080	DCM	Rhizosolenia	0.0989119683481701	microscopy
080	DCM	Pseudo-nitzschia	29.1790306627102	microscopy
080	DCM	Thalassionema	3.06627101879327	microscopy
080	DCM	Lioloma	0.0989119683481701	microscopy
080	SRF	Lioloma	0.186741363211951	microscopy
080	SRF	Cerataulina	0.840336134453782	microscopy
080	SRF	Corethron	0.373482726423903	microscopy
080	SRF	Actinocyclus	0.0933706816059757	microscopy
080	SRF	Dactyliosolen	1.49393090569561	microscopy
080	SRF	Thalassionema	4.01493930905696	microscopy
080	SRF	Chaetoceros	49.6732026143791	microscopy
080	SRF	Shionodiscus	0.560224089635854	microscopy
080	SRF	Pseudosolenia	0.0933706816059757	microscopy
080	SRF	Eucampia	0.840336134453782	microscopy
080	SRF	Pseudo-nitzschia	20.1680672268908	microscopy
080	SRF	Rhizosolenia	0.373482726423903	microscopy
080	SRF	Guinardia	0.65359477124183	microscopy
080	SRF	Hemiaulus	0.373482726423903	microscopy
080	SRF	Centric diatoms 30-50 µm 	0.280112044817927	microscopy
080	SRF	Leptocylindrus	0.466853408029879	microscopy
080	SRF	Asteromphalus	1.68067226890756	microscopy
080	SRF	Bacteriastrum	14.9393090569561	microscopy
080	SRF	Thalassiosira	0.0933706816059757	microscopy
080	SRF	Proboscia	0.560224089635854	microscopy
080	SRF	Pennate	2.24089635854342	microscopy
081	DCM	Thalassiosira	3.1496062992126	microscopy
081	DCM	Centric diatoms 30-50 µm 	3.93700787401575	microscopy
081	DCM	Actinocyclus	0.78740157480315	microscopy
081	DCM	Proboscia	48.8188976377953	microscopy
081	DCM	Lioloma	2.36220472440945	microscopy
081	DCM	Centric 10 µm	3.1496062992126	microscopy
081	DCM	Pennate	1.5748031496063	microscopy
081	DCM	Asteromphalus	16.5354330708661	microscopy
081	DCM	Cylindrotheca	1.5748031496063	microscopy
081	DCM	Fragilariopsis	10.2362204724409	microscopy
081	DCM	Chaetoceros	5.51181102362205	microscopy
081	DCM	Guinardia	0.78740157480315	microscopy
081	DCM	Centric 60 µm	1.5748031496063	microscopy
081	SRF	Proboscia	13.8576779026217	microscopy
081	SRF	Lioloma	1.49812734082397	microscopy
081	SRF	Rhizosolenia	0.374531835205993	microscopy
081	SRF	Thalassiosira	0.749063670411985	microscopy
081	SRF	Shionodiscus	0.374531835205993	microscopy
081	SRF	Coscinodiscus	1.12359550561798	microscopy
081	SRF	Nitzschia	0.374531835205993	microscopy
081	SRF	Guinardia	2.99625468164794	microscopy
081	SRF	Pennate	0.374531835205993	microscopy
081	SRF	Bacteriastrum	30.7116104868914	microscopy
081	SRF	Actinocyclus	1.49812734082397	microscopy
081	SRF	Asteromphalus	5.2434456928839	microscopy
081	SRF	Chaetoceros	39.7003745318352	microscopy
081	SRF	Pseudo-nitzschia	0.374531835205993	microscopy
081	SRF	Centric 10 µm	0.749063670411985	microscopy
082	DCM	Cylindrotheca	6.55737704918033	microscopy
082	DCM	Chaetoceros	60.655737704918	microscopy
082	DCM	Nitzschia	6.55737704918033	microscopy
082	DCM	Centric 10 µm	24.5901639344262	microscopy
082	DCM	Pennate	1.63934426229508	microscopy
082	SRF	Chaetoceros	30.5232558139535	microscopy
082	SRF	Dactyliosolen	0.581395348837209	microscopy
082	SRF	Fragilariopsis	0.290697674418605	microscopy
082	SRF	Pseudo-nitzschia	5.81395348837209	microscopy
082	SRF	Cylindrotheca	13.3720930232558	microscopy
082	SRF	Leptocylindrus	0.872093023255814	microscopy
082	SRF	Asteromphalus	0.290697674418605	microscopy
082	SRF	Nitzschia	4.06976744186047	microscopy
082	SRF	Corethron	6.97674418604651	microscopy
082	SRF	Centric 10 µm	15.9883720930233	microscopy
082	SRF	Proboscia	2.03488372093023	microscopy
082	SRF	Pennate	11.9186046511628	microscopy
082	SRF	Rhizosolenia	4.65116279069767	microscopy
082	SRF	Guinardia	0.290697674418605	microscopy
082	SRF	Eucampia	2.32558139534884	microscopy
084	SRF	Asteromphalus	5.72943782303655	microscopy
084	SRF	Corethron	0.0928722689084853	microscopy
084	SRF	Centric 10 µm	0.0954761642984428	microscopy
084	SRF	Pennate	0.1900843634669	microscopy
084	SRF	Fragilariopsis	87.3997487639245	microscopy
084	SRF	Nitzschia	0.0269069190295612	microscopy
084	SRF	Guinardia	0.0321147098094762	microscopy
084	SRF	Chaetoceros	0.335034540174536	microscopy
084	SRF	Eucampia	0.00867965129985844	microscopy
084	SRF	Cylindrotheca	0.00347186051994338	microscopy
084	SRF	Proboscia	0.0338506400694479	microscopy
084	SRF	Actinocyclus	5.87265206948422	microscopy
084	SRF	Pseudo-nitzschia	0.0659653498789241	microscopy
084	SRF	Dactyliosolen	0.0902683735185277	microscopy
084	SRF	Rhizosolenia	0.0234365025805793	microscopy
085	DCM	Corethron	2.06185567010309	microscopy
085	DCM	Pennate	0.515463917525773	microscopy
085	DCM	Thalassiosira	10.8247422680412	microscopy
085	DCM	Chaetoceros	3.09278350515464	microscopy
085	DCM	Fragilariopsis	40.2061855670103	microscopy
085	DCM	Asteromphalus	14.9484536082474	microscopy
085	DCM	Centric 10 µm	28.3505154639175	microscopy
085	SRF	Chaetoceros	0.900900900900901	microscopy
085	SRF	Fragilariopsis	19.8198198198198	microscopy
085	SRF	Asteromphalus	22.5225225225225	microscopy
085	SRF	Centric 10 µm	48.6486486486486	microscopy
085	SRF	Corethron	2.7027027027027	microscopy
085	SRF	Centric 60 µm	2.7027027027027	microscopy
085	SRF	Guinardia	0.900900900900901	microscopy
085	SRF	Pennate	1.8018018018018	microscopy
086	SRF	Odontella	1.75438596491228	microscopy
086	SRF	Corethron	18.421052631579	microscopy
086	SRF	Stellarima	0.43859649122807	microscopy
086	SRF	Centric diatoms 30-50 µm 	5.70175438596491	microscopy
086	SRF	Proboscia	0.43859649122807	microscopy
086	SRF	Centric 10 µm	1.31578947368421	microscopy
086	SRF	Asteromphalus	0.87719298245614	microscopy
086	SRF	Entomoneis	1.31578947368421	microscopy
086	SRF	Thalassiosira	21.4912280701754	microscopy
086	SRF	Pennate	1.75438596491228	microscopy
086	SRF	Cylindrotheca	1.31578947368421	microscopy
086	SRF	Eucampia	1.31578947368421	microscopy
086	SRF	Rhizosolenia	0.87719298245614	microscopy
086	SRF	Pseudo-nitzschia	2.19298245614035	microscopy
086	SRF	Chaetoceros	12.280701754386	microscopy
086	SRF	Fragilariopsis	24.1228070175439	microscopy
086	SRF	Centric 60 µm	1.75438596491228	microscopy
086	SRF	Coscinodiscus	0.87719298245614	microscopy
086	SRF	Actinocyclus	1.75438596491228	microscopy
087	SRF	Centric 10 µm	6.9620253164557	microscopy
087	SRF	Corethron	0.632911392405063	microscopy
087	SRF	Chaetoceros	34.4936708860759	microscopy
087	SRF	Guinardia	0.316455696202532	microscopy
087	SRF	Pennate	1.89873417721519	microscopy
087	SRF	Odontella	49.6835443037975	microscopy
087	SRF	Fragilariopsis	0.316455696202532	microscopy
087	SRF	Pseudo-nitzschia	1.58227848101266	microscopy
087	SRF	Thalassiosira	3.79746835443038	microscopy
087	SRF	Eucampia	0.316455696202532	microscopy
088	SRF	Eucampia	0.738916256157635	microscopy
088	SRF	Fragilariopsis	4.67980295566502	microscopy
088	SRF	Navicula	0.246305418719212	microscopy
088	SRF	Pennate	2.70935960591133	microscopy
088	SRF	Trichotoxon	0.246305418719212	microscopy
088	SRF	Rhizosolenia	2.21674876847291	microscopy
088	SRF	Chaetoceros	42.3645320197044	microscopy
088	SRF	Pseudo-nitzschia	5.66502463054187	microscopy
088	SRF	Thalassiosira	4.67980295566502	microscopy
088	SRF	Porosira	4.67980295566502	microscopy
088	SRF	Odontella	31.7733990147783	microscopy
089	SRF	Chaetoceros	11.1111111111111	microscopy
089	SRF	Fragilariopsis	17.7777777777778	microscopy
089	SRF	Pseudo-nitzschia	22.2222222222222	microscopy
089	SRF	Centric diatoms 30-50 µm 	2.22222222222222	microscopy
089	SRF	Odontella	44.4444444444444	microscopy
089	SRF	Pennate	2.22222222222222	microscopy
093	DCM	Pennate	1.51515151515152	microscopy
093	DCM	Thalassiosira	10.6060606060606	microscopy
093	DCM	Detonula	27.2727272727273	microscopy
093	DCM	Rhizosolenia	34.8484848484849	microscopy
093	DCM	Dactyliosolen	12.1212121212121	microscopy
093	DCM	Pseudo-nitzschia	1.51515151515152	microscopy
093	DCM	Proboscia	1.51515151515152	microscopy
093	DCM	Lioloma	1.51515151515152	microscopy
093	DCM	Eucampia	9.09090909090909	microscopy
100	DCM	Thalassiothrix	0.388349514563107	microscopy
100	DCM	Centric diatoms 30-50 µm 	3.10679611650485	microscopy
100	DCM	Cylindrotheca	9.12621359223301	microscopy
100	DCM	Bacteriastrum	0.194174757281553	microscopy
100	DCM	Centric 10 µm	0.970873786407767	microscopy
100	DCM	Haslea	2.9126213592233	microscopy
100	DCM	Roperia	0.58252427184466	microscopy
100	DCM	Rhizosolenia	1.55339805825243	microscopy
100	DCM	Fragilariopsis	5.8252427184466	microscopy
100	DCM	Thalassionema	0.194174757281553	microscopy
100	DCM	Nitzschia	1.16504854368932	microscopy
100	DCM	Planktoniella	1.55339805825243	microscopy
100	DCM	Pennate	4.85436893203883	microscopy
100	DCM	Chaetoceros	5.4368932038835	microscopy
100	DCM	Azpeitia	1.35922330097087	microscopy
100	DCM	Lioloma	3.88349514563107	microscopy
100	DCM	Asteromphalus	0.776699029126214	microscopy
100	DCM	Thalassiosira	3.10679611650485	microscopy
100	DCM	Pseudo-nitzschia	53.0097087378641	microscopy
100	SRF	Planktoniella	0.658978583196046	microscopy
100	SRF	Haslea	2.14168039538715	microscopy
100	SRF	Skeletonema	1.15321252059308	microscopy
100	SRF	Asteromphalus	0.329489291598023	microscopy
100	SRF	Fragilariopsis	2.14168039538715	microscopy
100	SRF	Pseudo-nitzschia	61.6144975288303	microscopy
100	SRF	Cylindrotheca	7.41350906095552	microscopy
100	SRF	Nitzschia	0.164744645799012	microscopy
100	SRF	Rhizosolenia	0.329489291598023	microscopy
100	SRF	Azpeitia	0.329489291598023	microscopy
100	SRF	Thalassiosira	0.823723228995058	microscopy
100	SRF	Coscinodiscus	0.164744645799012	microscopy
100	SRF	Pennate	2.14168039538715	microscopy
100	SRF	Guinardia	0.164744645799012	microscopy
100	SRF	Centric 10 µm	1.81219110378913	microscopy
100	SRF	Lioloma	5.27182866556837	microscopy
100	SRF	Roperia	0.164744645799012	microscopy
100	SRF	Chaetoceros	11.8616144975288	microscopy
100	SRF	Centric diatoms 30-50 µm 	1.15321252059308	microscopy
100	SRF	Cerataulina	0.164744645799012	microscopy
102	DCM	Centric diatoms 30-50 µm 	0.387596899224806	microscopy
102	DCM	Thalassionema	7.75193798449612	microscopy
102	DCM	Fragilariopsis	2.2609819121447	microscopy
102	DCM	Chaetoceros	20.9948320413437	microscopy
102	DCM	Asterionellopsis	0.129198966408269	microscopy
102	DCM	Lauderia	0.193798449612403	microscopy
102	DCM	Rhizosolenia	0.129198966408269	microscopy
102	DCM	Leptocylindrus	41.4082687338501	microscopy
102	DCM	Hemidiscus	0.0645994832041344	microscopy
102	DCM	Centric 10 µm	4.26356589147287	microscopy
102	DCM	Asteromphalus	0.258397932816537	microscopy
102	DCM	Thalassiosira	0.258397932816537	microscopy
102	DCM	Coscinodiscus	0.581395348837209	microscopy
102	DCM	Haslea	0.0645994832041344	microscopy
102	DCM	Cylindrotheca	3.35917312661499	microscopy
102	DCM	Dactyliosolen	0.387596899224806	microscopy
102	DCM	Guinardia	0.193798449612403	microscopy
102	DCM	Hemiaulus	0.0645994832041344	microscopy
102	DCM	Lioloma	0.193798449612403	microscopy
102	DCM	Pennate	3.61757105943152	microscopy
102	DCM	Planktoniella	2.97157622739018	microscopy
102	DCM	Shionodiscus	0.0645994832041344	microscopy
102	DCM	Pseudo-nitzschia	6.45994832041344	microscopy
102	DCM	Roperia	0.322997416020672	microscopy
102	DCM	Eucampia	0.322997416020672	microscopy
102	DCM	Nitzschia	0.581395348837209	microscopy
102	DCM	Azpeitia	0.322997416020672	microscopy
102	DCM	Cerataulina	1.93798449612403	microscopy
102	DCM	Proboscia	0.452196382428941	microscopy
102	SRF	Shionodiscus	0.0730994152046784	microscopy
102	SRF	Proboscia	0.43859649122807	microscopy
102	SRF	Rhizosolenia	0.43859649122807	microscopy
102	SRF	Pseudo-nitzschia	5.48245614035088	microscopy
102	SRF	Cylindrotheca	2.48538011695906	microscopy
102	SRF	Coscinodiscus	0.146198830409357	microscopy
102	SRF	Pennate	5.33625730994152	microscopy
102	SRF	Asteromphalus	0.146198830409357	microscopy
102	SRF	Hemidiscus	0.365497076023392	microscopy
102	SRF	Planktoniella	2.55847953216374	microscopy
102	SRF	Leptocylindrus	22.0760233918129	microscopy
102	SRF	Nitzschia	0.292397660818713	microscopy
102	SRF	Fragilariopsis	3.14327485380117	microscopy
102	SRF	Cerataulina	1.0233918128655	microscopy
102	SRF	Thalassiosira	0.365497076023392	microscopy
102	SRF	Centric diatoms 30-50 µm 	1.53508771929825	microscopy
102	SRF	Hemiaulus	0.0730994152046784	microscopy
102	SRF	Bacteriastrum	0.219298245614035	microscopy
102	SRF	Chaetoceros	45.9795321637427	microscopy
102	SRF	Centric 10 µm	6.0672514619883	microscopy
102	SRF	Roperia	0.43859649122807	microscopy
102	SRF	Azpeitia	0.950292397660819	microscopy
102	SRF	Eucampia	0.365497076023392	microscopy
109	DCM	Rhizosolenia	2.17391304347826	microscopy
109	DCM	Fragilariopsis	1.24223602484472	microscopy
109	DCM	Bacteriastrum	0.62111801242236	microscopy
109	DCM	Thalassiosira	0.62111801242236	microscopy
109	DCM	Leptocylindrus	1.5527950310559	microscopy
109	DCM	Chaetoceros	33.5403726708075	microscopy
109	DCM	Lauderia	0.31055900621118	microscopy
109	DCM	Centric 10 µm	15.2173913043478	microscopy
109	DCM	Thalassionema	0.93167701863354	microscopy
109	DCM	Dactyliosolen	2.79503105590062	microscopy
109	DCM	Guinardia	1.24223602484472	microscopy
109	DCM	Pseudo-nitzschia	10.2484472049689	microscopy
109	DCM	Cylindrotheca	5.90062111801242	microscopy
109	DCM	Centric diatoms 30-50 µm 	0.31055900621118	microscopy
109	DCM	Nitzschia	1.5527950310559	microscopy
109	DCM	Asterionellopsis	0.31055900621118	microscopy
109	DCM	Pseudosolenia	0.31055900621118	microscopy
109	DCM	Cerataulina	1.24223602484472	microscopy
109	DCM	Proboscia	0.62111801242236	microscopy
109	DCM	Cyclotella	0.62111801242236	microscopy
109	DCM	Hemiaulus	0.62111801242236	microscopy
109	DCM	Asteromphalus	1.24223602484472	microscopy
109	DCM	Pennate	13.9751552795031	microscopy
109	DCM	Azpeitia	0.93167701863354	microscopy
109	DCM	Roperia	0.93167701863354	microscopy
109	DCM	Lioloma	0.93167701863354	microscopy
109	SRF	Pseudo-nitzschia	44.0886699507389	microscopy
109	SRF	Chaetoceros	22.4137931034483	microscopy
109	SRF	Nitzschia	6.89655172413793	microscopy
109	SRF	Planktoniella	1.72413793103448	microscopy
109	SRF	Pennate	4.92610837438424	microscopy
109	SRF	Centric 10 µm	2.46305418719212	microscopy
109	SRF	Haslea	0.246305418719212	microscopy
109	SRF	Cylindrotheca	6.40394088669951	microscopy
109	SRF	Leptocylindrus	0.738916256157635	microscopy
109	SRF	Asteromphalus	1.97044334975369	microscopy
109	SRF	Rhizosolenia	1.47783251231527	microscopy
109	SRF	Centric diatoms 30-50 µm 	1.47783251231527	microscopy
109	SRF	Bacteriastrum	0.738916256157635	microscopy
109	SRF	Lioloma	3.94088669950739	microscopy
109	SRF	Thalassiosira	0.246305418719212	microscopy
109	SRF	Roperia	0.246305418719212	microscopy
122	DCM	Leptocylindrus	0.588235294117647	microscopy
122	DCM	Planktoniella	4.50980392156863	microscopy
122	DCM	Cylindrotheca	0.784313725490196	microscopy
122	DCM	Thalassiosira	0.392156862745098	microscopy
122	DCM	Fragilariopsis	1.17647058823529	microscopy
122	DCM	Chaetoceros	5.88235294117647	microscopy
122	DCM	Centric 10 µm	3.72549019607843	microscopy
122	DCM	Asteromphalus	0.588235294117647	microscopy
122	DCM	Nitzschia	0.196078431372549	microscopy
122	DCM	Pseudo-nitzschia	46.2745098039216	microscopy
122	DCM	Bacteriastrum	0.980392156862745	microscopy
122	DCM	Hemidiscus	0.196078431372549	microscopy
122	DCM	Rhizosolenia	1.96078431372549	microscopy
122	DCM	Haslea	0.980392156862745	microscopy
122	DCM	Azpeitia	4.31372549019608	microscopy
122	DCM	Cerataulina	0.588235294117647	microscopy
122	DCM	Pennate	22.156862745098	microscopy
122	DCM	Lioloma	4.70588235294118	microscopy
122	SRF	Thalassionema	1.70212765957447	microscopy
122	SRF	Centric 10 µm	7.4468085106383	microscopy
122	SRF	Hemidiscus	0.212765957446809	microscopy
122	SRF	Pseudo-nitzschia	34.468085106383	microscopy
122	SRF	Rhizosolenia	0.851063829787234	microscopy
122	SRF	Navicula	3.82978723404255	microscopy
122	SRF	Fragilariopsis	3.61702127659574	microscopy
122	SRF	Cylindrotheca	0.425531914893617	microscopy
122	SRF	Planktoniella	10	microscopy
122	SRF	Asterolampra	0.851063829787234	microscopy
122	SRF	Bacteriastrum	0.212765957446809	microscopy
122	SRF	Centric diatoms 30-50 µm 	8.08510638297872	microscopy
122	SRF	Lioloma	2.97872340425532	microscopy
122	SRF	Pennate	15.1063829787234	microscopy
122	SRF	Chaetoceros	10	microscopy
122	SRF	Centric 60 µm	0.212765957446809	microscopy
123	DCM	Cylindrotheca	2.51572327044025	microscopy
123	DCM	Triceratium	0.628930817610063	microscopy
123	DCM	Thalassiosira	0.628930817610063	microscopy
123	DCM	Pennate	22.6415094339623	microscopy
123	DCM	Asteromphalus	2.51572327044025	microscopy
123	DCM	Lioloma	2.51572327044025	microscopy
123	DCM	Centric 10 µm	13.8364779874214	microscopy
123	DCM	Centric diatoms 30-50 µm 	12.5786163522013	microscopy
123	DCM	Hemidiscus	1.88679245283019	microscopy
123	DCM	Pseudo-nitzschia	5.0314465408805	microscopy
123	DCM	Fragilariopsis	14.4654088050314	microscopy
123	DCM	Azpeitia	6.91823899371069	microscopy
123	DCM	Chaetoceros	4.40251572327044	microscopy
123	DCM	Planktoniella	9.43396226415094	microscopy
123	SRF	Chaetoceros	0.451807228915663	microscopy
123	SRF	Pennate	45.4819277108434	microscopy
123	SRF	Fragilariopsis	1.50602409638554	microscopy
123	SRF	Pseudo-nitzschia	10.3915662650602	microscopy
123	SRF	Planktoniella	5.57228915662651	microscopy
123	SRF	Licmophora	0.150602409638554	microscopy
123	SRF	Centric 10 µm	11.2951807228916	microscopy
123	SRF	Hemidiscus	0.150602409638554	microscopy
123	SRF	Asteromphalus	0.903614457831325	microscopy
123	SRF	Lioloma	2.56024096385542	microscopy
123	SRF	Cerataulina	0.451807228915663	microscopy
123	SRF	Cylindrotheca	13.1024096385542	microscopy
123	SRF	Centric diatoms 30-50 µm 	7.98192771084337	microscopy
124	SRF	Pseudo-nitzschia	29.7297297297297	microscopy
124	SRF	Rhizosolenia	1.54440154440154	microscopy
124	SRF	Lioloma	8.10810810810811	microscopy
124	SRF	Asteromphalus	3.47490347490348	microscopy
124	SRF	Thalassiosira	1.15830115830116	microscopy
124	SRF	Azpeitia	4.24710424710425	microscopy
124	SRF	Centric diatoms 30-50 µm 	8.88030888030888	microscopy
124	SRF	Chaetoceros	11.5830115830116	microscopy
124	SRF	Pennate	15.4440154440154	microscopy
124	SRF	Asterolampra	0.772200772200772	microscopy
124	SRF	Fragilariopsis	12.3552123552124	microscopy
124	SRF	Centric 10 µm	2.7027027027027	microscopy
125	MIX	Pennate	11.2582781456954	microscopy
125	MIX	Pseudo-nitzschia	5.29801324503311	microscopy
125	MIX	Fragilariopsis	17.2185430463576	microscopy
125	MIX	Rhizosolenia	3.97350993377483	microscopy
125	MIX	Thalassiosira	2.64900662251656	microscopy
125	MIX	Centric 10 µm	21.8543046357616	microscopy
125	MIX	Centric diatoms 30-50 µm 	6.62251655629139	microscopy
125	MIX	Chaetoceros	1.32450331125828	microscopy
125	MIX	Planktoniella	8.60927152317881	microscopy
125	MIX	Cerataulina	0.662251655629139	microscopy
125	MIX	Hemidiscus	3.3112582781457	microscopy
125	MIX	Azpeitia	15.2317880794702	microscopy
125	MIX	Asteromphalus	1.32450331125828	microscopy
125	MIX	Lioloma	0.662251655629139	microscopy
125	SRF	Rhizosolenia	1.87793427230047	microscopy
125	SRF	Planktoniella	9.38967136150235	microscopy
125	SRF	Proboscia	0.938967136150235	microscopy
125	SRF	Pseudo-nitzschia	5.16431924882629	microscopy
125	SRF	Chaetoceros	6.57276995305164	microscopy
125	SRF	Cylindrotheca	0.469483568075117	microscopy
125	SRF	Lioloma	2.8169014084507	microscopy
125	SRF	Pennate	27.2300469483568	microscopy
125	SRF	Asteromphalus	2.34741784037559	microscopy
125	SRF	Thalassiosira	0.469483568075117	microscopy
125	SRF	Centric diatoms 30-50 µm 	17.8403755868545	microscopy
125	SRF	Centric 10 µm	7.981220657277	microscopy
125	SRF	Azpeitia	4.69483568075117	microscopy
125	SRF	Fragilariopsis	9.85915492957746	microscopy
125	SRF	Hemidiscus	2.34741784037559	microscopy
126	SRF	Shionodiscus	0.584795321637427	microscopy
126	SRF	Leptocylindrus	2.04678362573099	microscopy
126	SRF	Asteromphalus	0.584795321637427	microscopy
126	SRF	Centric 10 µm	2.63157894736842	microscopy
126	SRF	Pseudo-nitzschia	16.0818713450292	microscopy
126	SRF	Azpeitia	1.0233918128655	microscopy
126	SRF	Chaetoceros	12.8654970760234	microscopy
126	SRF	Hemidiscus	0.292397660818713	microscopy
126	SRF	Roperia	0.146198830409357	microscopy
126	SRF	Cylindrotheca	2.92397660818713	microscopy
126	SRF	Lioloma	0.730994152046784	microscopy
126	SRF	Planktoniella	6.14035087719298	microscopy
126	SRF	Bacteriastrum	1.75438596491228	microscopy
126	SRF	Nitzschia	0.292397660818713	microscopy
126	SRF	Rhizosolenia	1.16959064327485	microscopy
126	SRF	Pennate	45.3216374269006	microscopy
126	SRF	Asterionellopsis	0.292397660818713	microscopy
126	SRF	Fragilariopsis	0.584795321637427	microscopy
126	SRF	Hemiaulus	0.292397660818713	microscopy
126	SRF	Skeletonema	3.21637426900585	microscopy
126	SRF	Thalassionema	1.0233918128655	microscopy
127	SRF	Asteromphalus	0.904977375565611	microscopy
127	SRF	Leptocylindrus	2.94117647058824	microscopy
127	SRF	Pennate	30.5429864253394	microscopy
127	SRF	Asterionellopsis	0.452488687782805	microscopy
127	SRF	Pseudo-nitzschia	28.9592760180995	microscopy
127	SRF	Thalassiosira	1.35746606334842	microscopy
127	SRF	Cylindrotheca	2.71493212669683	microscopy
127	SRF	Guinardia	0.226244343891403	microscopy
127	SRF	Nitzschia	0.226244343891403	microscopy
127	SRF	Planktoniella	4.07239819004525	microscopy
127	SRF	Thalassionema	1.13122171945701	microscopy
127	SRF	Fragilariopsis	0.678733031674208	microscopy
127	SRF	Lioloma	2.26244343891403	microscopy
127	SRF	Centric 10 µm	3.39366515837104	microscopy
127	SRF	Azpeitia	0.678733031674208	microscopy
127	SRF	Rhizosolenia	1.80995475113122	microscopy
127	SRF	Roperia	0.452488687782805	microscopy
127	SRF	Proboscia	0.226244343891403	microscopy
127	SRF	Chaetoceros	16.9683257918552	microscopy
128	DCM	Centric diatoms 30-50 µm 	1.52439024390244	microscopy
128	DCM	Rhizosolenia	1.21951219512195	microscopy
128	DCM	Leptocylindrus	19.5121951219512	microscopy
128	DCM	Fragilariopsis	0.304878048780488	microscopy
128	DCM	Pennate	18.2926829268293	microscopy
128	DCM	Thalassiosira	1.21951219512195	microscopy
128	DCM	Cylindrotheca	1.82926829268293	microscopy
128	DCM	Pleurosigma	0.304878048780488	microscopy
128	DCM	Asterionellopsis	0.304878048780488	microscopy
128	DCM	Haslea	0.304878048780488	microscopy
128	DCM	Guinardia	1.52439024390244	microscopy
128	DCM	Pseudo-nitzschia	22.2560975609756	microscopy
128	DCM	Nitzschia	0.914634146341463	microscopy
128	DCM	Centric 10 µm	13.4146341463415	microscopy
128	DCM	Planktoniella	7.31707317073171	microscopy
128	DCM	Chaetoceros	8.53658536585366	microscopy
128	DCM	Lioloma	1.21951219512195	microscopy
128	SRF	Thalassiosira	0.338983050847458	microscopy
128	SRF	Rhizosolenia	0.677966101694915	microscopy
128	SRF	Dactyliosolen	0.338983050847458	microscopy
128	SRF	Nitzschia	0.338983050847458	microscopy
128	SRF	Cylindrotheca	2.71186440677966	microscopy
128	SRF	Nanoneis	0.677966101694915	microscopy
128	SRF	Lioloma	1.69491525423729	microscopy
128	SRF	Chaetoceros	20.6779661016949	microscopy
128	SRF	Leptocylindrus	11.864406779661	microscopy
128	SRF	Pennate	12.8813559322034	microscopy
128	SRF	Cerataulina	0.338983050847458	microscopy
128	SRF	Asteromphalus	0.677966101694915	microscopy
128	SRF	Roperia	0.677966101694915	microscopy
128	SRF	Centric 10 µm	16.9491525423729	microscopy
128	SRF	Planktoniella	5.42372881355932	microscopy
128	SRF	Fragilariopsis	0.677966101694915	microscopy
128	SRF	Pseudo-nitzschia	12.5423728813559	microscopy
128	SRF	Hemiaulus	1.01694915254237	microscopy
128	SRF	Thalassionema	6.77966101694915	microscopy
128	SRF	Centric diatoms 30-50 µm 	2.71186440677966	microscopy
135	DCM	Bacteriastrum	6.25	microscopy
135	DCM	Chaetoceros	18.75	microscopy
135	DCM	Pennate	6.25	microscopy
135	DCM	Pseudo-nitzschia	6.25	microscopy
135	DCM	Centric 10 µm	62.5	microscopy
135	SRF	Rhizosolenia	0.78125	microscopy
135	SRF	Centric 10 µm	2.86458333333333	microscopy
135	SRF	Cylindrotheca	12.7604166666667	microscopy
135	SRF	Nitzschia	0.260416666666667	microscopy
135	SRF	Pennate	7.29166666666667	microscopy
135	SRF	Asteromphalus	0.260416666666667	microscopy
135	SRF	Dactyliosolen	0.260416666666667	microscopy
135	SRF	Pseudosolenia	0.520833333333333	microscopy
135	SRF	Bacteriastrum	1.04166666666667	microscopy
135	SRF	Lioloma	0.78125	microscopy
135	SRF	Detonula	1.04166666666667	microscopy
135	SRF	Pseudo-nitzschia	15.8854166666667	microscopy
135	SRF	Thalassiosira	0.260416666666667	microscopy
135	SRF	Chaetoceros	55.7291666666667	microscopy
135	SRF	Thalassionema	0.260416666666667	microscopy
144	SRF	Fragilariopsis	1.49253731343284	microscopy
144	SRF	Rhizosolenia	0.746268656716418	microscopy
144	SRF	Guinardia	1.74129353233831	microscopy
144	SRF	Lioloma	0.497512437810945	microscopy
144	SRF	Cerataulina	7.46268656716418	microscopy
144	SRF	Cylindrotheca	1.49253731343284	microscopy
144	SRF	Thalassiosira	4.97512437810945	microscopy
144	SRF	Bacteriastrum	6.71641791044776	microscopy
144	SRF	Proboscia	0.995024875621891	microscopy
144	SRF	Nitzschia	0.746268656716418	microscopy
144	SRF	Pseudosolenia	0.746268656716418	microscopy
144	SRF	Pseudo-nitzschia	9.20398009950249	microscopy
144	SRF	Thalassionema	10.6965174129353	microscopy
144	SRF	Corethron	0.497512437810945	microscopy
144	SRF	Eucampia	0.248756218905473	microscopy
144	SRF	Centric 10 µm	5.22388059701493	microscopy
144	SRF	Dactyliosolen	0.248756218905473	microscopy
144	SRF	Pennate	3.98009950248756	microscopy
144	SRF	Chaetoceros	39.5522388059701	microscopy
144	SRF	Hemiaulus	2.7363184079602	microscopy
145	SRF	Skeletonema	3.48837209302326	microscopy
145	SRF	Nanoneis	5.81395348837209	microscopy
145	SRF	Ditylum	5.81395348837209	microscopy
145	SRF	Leptocylindrus	5.81395348837209	microscopy
145	SRF	Thalassiosira	40.6976744186046	microscopy
145	SRF	Chaetoceros	4.65116279069767	microscopy
145	SRF	Pseudo-nitzschia	2.32558139534884	microscopy
145	SRF	Hemiaulus	1.16279069767442	microscopy
145	SRF	Cylindrotheca	1.16279069767442	microscopy
145	SRF	Pseudosolenia	1.16279069767442	microscopy
145	SRF	Azpeitia	1.16279069767442	microscopy
145	SRF	Thalassionema	5.81395348837209	microscopy
145	SRF	Pennate	4.65116279069767	microscopy
145	SRF	Roperia	4.65116279069767	microscopy
145	SRF	Shionodiscus	1.16279069767442	microscopy
145	SRF	Planktoniella	1.16279069767442	microscopy
145	SRF	Dactyliosolen	1.16279069767442	microscopy
145	SRF	Actinocyclus	2.32558139534884	microscopy
145	SRF	Centric diatoms 30-50 µm 	2.32558139534884	microscopy
145	SRF	Lauderia	3.48837209302326	microscopy
146	SRF	Leptocylindrus	7.60869565217391	microscopy
146	SRF	Pennate	2.17391304347826	microscopy
146	SRF	Centric 10 µm	8.69565217391304	microscopy
146	SRF	Coscinodiscus	10.8695652173913	microscopy
146	SRF	Actinocyclus	3.26086956521739	microscopy
146	SRF	Roperia	17.3913043478261	microscopy
146	SRF	Bacteriastrum	1.08695652173913	microscopy
146	SRF	Chaetoceros	8.69565217391304	microscopy
146	SRF	Lioloma	2.17391304347826	microscopy
146	SRF	Cerataulina	1.08695652173913	microscopy
146	SRF	Rhizosolenia	5.43478260869565	microscopy
146	SRF	Guinardia	16.304347826087	microscopy
146	SRF	Proboscia	3.26086956521739	microscopy
146	SRF	Thalassiosira	10.8695652173913	microscopy
146	SRF	Hemiaulus	1.08695652173913	microscopy
155	DCM	Actinocyclus	0.34965034965035	microscopy
155	DCM	Centric 10 µm	0.34965034965035	microscopy
155	DCM	Pseudo-nitzschia	56.6433566433566	microscopy
155	DCM	Thalassionema	2.7972027972028	microscopy
155	DCM	Chaetoceros	33.9160839160839	microscopy
155	DCM	Pennate	1.04895104895105	microscopy
155	DCM	Bacteriastrum	2.0979020979021	microscopy
155	DCM	Thalassiosira	2.7972027972028	microscopy
155	SRF	Proboscia	1.25786163522013	microscopy
155	SRF	Chaetoceros	33.9622641509434	microscopy
155	SRF	Rhizosolenia	1.88679245283019	microscopy
155	SRF	Bacteriastrum	0.628930817610063	microscopy
155	SRF	Pseudo-nitzschia	60.377358490566	microscopy
155	SRF	Nitzschia	1.25786163522013	microscopy
155	SRF	Pennate	0.628930817610063	microscopy
158	DCM	Pseudo-nitzschia	19.5121951219512	microscopy
158	DCM	Thalassiosira	2.4390243902439	microscopy
158	DCM	Centric 10 µm	14.6341463414634	microscopy
158	DCM	Corethron	4.8780487804878	microscopy
158	DCM	Pennate	7.31707317073171	microscopy
158	DCM	Navicula	4.8780487804878	microscopy
158	DCM	Chaetoceros	24.390243902439	microscopy
158	DCM	Rhizosolenia	12.1951219512195	microscopy
158	DCM	Coscinodiscus	2.4390243902439	microscopy
158	DCM	Cylindrotheca	2.4390243902439	microscopy
158	DCM	Guinardia	4.8780487804878	microscopy
158	SRF	Pennate	19.2771084337349	microscopy
158	SRF	Pseudo-nitzschia	24.0963855421687	microscopy
158	SRF	Rhizosolenia	4.81927710843374	microscopy
158	SRF	Chaetoceros	21.6867469879518	microscopy
158	SRF	Centric 10 µm	21.6867469879518	microscopy
158	SRF	Fragilariopsis	6.02409638554217	microscopy
158	SRF	Thalassionema	2.40963855421687	microscopy
163	SRF	Pseudo-nitzschia	92.3076923076923	microscopy
163	SRF	Pennate	7.69230769230769	microscopy
168	DCM	Actinocyclus	33.3333333333333	microscopy
168	DCM	Thalassiosira	33.3333333333333	microscopy
168	DCM	Chaetoceros	33.3333333333333	microscopy
168	SRF	Pseudo-nitzschia	8.69565217391304	microscopy
168	SRF	Centric 10 µm	17.3913043478261	microscopy
168	SRF	Chaetoceros	60.8695652173913	microscopy
168	SRF	Pennate	8.69565217391304	microscopy
168	SRF	Attheya	4.34782608695652	microscopy
173	SRF	Lauderia	0.520833333333333	microscopy
173	SRF	Thalassiosira	0.520833333333333	microscopy
173	SRF	Chaetoceros	78.6458333333333	microscopy
173	SRF	Attheya	0.520833333333333	microscopy
173	SRF	Centric 10 µm	1.04166666666667	microscopy
173	SRF	Cylindrotheca	0.520833333333333	microscopy
173	SRF	Dactyliosolen	0.520833333333333	microscopy
173	SRF	Eucampia	0.520833333333333	microscopy
173	SRF	Bacterosira	16.6666666666667	microscopy
173	SRF	Shionodiscus	0.520833333333333	microscopy
175	SRF	Thalassiosira	70.0636942675159	microscopy
175	SRF	Centric 10 µm	4.45859872611465	microscopy
175	SRF	Actinocyclus	1.91082802547771	microscopy
175	SRF	Fragilariopsis	0.636942675159236	microscopy
175	SRF	Pennate	17.1974522292994	microscopy
175	SRF	Chaetoceros	3.82165605095541	microscopy
175	SRF	Attheya	1.27388535031847	microscopy
175	SRF	Cylindrotheca	0.636942675159236	microscopy
178	SRF	Eucampia	5.55555555555556	microscopy
178	SRF	Actinocyclus	5.55555555555556	microscopy
178	SRF	Leptocylindrus	16.6666666666667	microscopy
178	SRF	Thalassiosira	22.2222222222222	microscopy
178	SRF	Chaetoceros	44.4444444444444	microscopy
178	SRF	Shionodiscus	5.55555555555556	microscopy
180	DCM	Centric 10 µm	11.5789473684211	microscopy
180	DCM	Navicula	3.1578947368421	microscopy
180	DCM	Bacterosira	1.40350877192982	microscopy
180	DCM	Chaetoceros	75.7894736842105	microscopy
180	DCM	Thalassiosira	0.701754385964912	microscopy
180	DCM	Fragilariopsis	0.701754385964912	microscopy
180	DCM	Cylindrotheca	1.75438596491228	microscopy
180	DCM	Arcocellulus	4.56140350877193	microscopy
180	DCM	Pennate	0.350877192982456	microscopy
180	SRF	Fragilariopsis	32.1428571428571	microscopy
180	SRF	Cylindrotheca	3.57142857142857	microscopy
180	SRF	Chaetoceros	42.8571428571429	microscopy
180	SRF	Fossula	7.14285714285714	microscopy
180	SRF	Pennate	14.2857142857143	microscopy
188	DCM	Pennate	0.476758045292014	microscopy
188	DCM	Thalassiosira	8.10488676996424	microscopy
188	DCM	Pseudo-nitzschia	1.90703218116806	microscopy
188	DCM	Fossula	82.5983313468415	microscopy
188	DCM	Centric 10 µm	0.238379022646007	microscopy
188	DCM	Synedropsis	1.19189511323004	microscopy
188	DCM	Attheya	0.119189511323004	microscopy
188	DCM	Shionodiscus	0.476758045292014	microscopy
188	DCM	Fragilariopsis	1.43027413587604	microscopy
188	DCM	Chaetoceros	2.38379022646007	microscopy
188	DCM	Porosira	0.119189511323004	microscopy
188	DCM	Cylindrotheca	0.357568533969011	microscopy
188	DCM	Bacterosira	0.595947556615018	microscopy
188	SRF	Navicula	12.8755364806867	microscopy
188	SRF	Chaetoceros	3.00429184549356	microscopy
188	SRF	Fossula	70.3862660944206	microscopy
188	SRF	Fragilariopsis	1.28755364806867	microscopy
188	SRF	Synedropsis	0.858369098712446	microscopy
188	SRF	Pennate	2.14592274678112	microscopy
188	SRF	Thalassiosira	9.01287553648069	microscopy
188	SRF	Thalassionema	0.429184549356223	microscopy
189	DCM	Cylindrotheca	6.66666666666667	microscopy
189	DCM	Chaetoceros	16	microscopy
189	DCM	Thalassiosira	4	microscopy
189	DCM	Actinocyclus	58.6666666666667	microscopy
189	DCM	Centric 10 µm	1.33333333333333	microscopy
189	DCM	Fossula	4	microscopy
189	DCM	Pennate	1.33333333333333	microscopy
189	DCM	Porosira	8	microscopy
189	SRF	Chaetoceros	81.0526315789474	microscopy
189	SRF	Cylindrotheca	4.21052631578947	microscopy
189	SRF	Fossula	8.42105263157895	microscopy
189	SRF	Centric 10 µm	5.26315789473684	microscopy
189	SRF	Synedropsis	1.05263157894737	microscopy
191	SRF	Coscinodiscus	0.898203592814371	microscopy
191	SRF	Chaetoceros	50	microscopy
191	SRF	Actinocyclus	0.898203592814371	microscopy
191	SRF	Fragilariopsis	0.29940119760479	microscopy
191	SRF	Rhizosolenia	0.29940119760479	microscopy
191	SRF	Thalassiosira	0.898203592814371	microscopy
191	SRF	Porosira	3.59281437125748	microscopy
191	SRF	Pleurosigma	0.29940119760479	microscopy
191	SRF	Cylindrotheca	6.2874251497006	microscopy
191	SRF	Navicula	0.29940119760479	microscopy
191	SRF	Centric 10 µm	7.48502994011976	microscopy
191	SRF	Fossula	0.29940119760479	microscopy
191	SRF	Nitzschia	1.19760479041916	microscopy
191	SRF	Pseudo-nitzschia	13.4730538922156	microscopy
191	SRF	Bacterosira	8.98203592814371	microscopy
191	SRF	Pennate	4.79041916167665	microscopy
193	SRF	Cylindrotheca	0.738007380073801	microscopy
193	SRF	Proboscia	86.3468634686347	microscopy
193	SRF	Diploneis	0.3690036900369	microscopy
193	SRF	Pleurosigma	0.3690036900369	microscopy
193	SRF	Rhizosolenia	0.3690036900369	microscopy
193	SRF	Pseudo-nitzschia	0.738007380073801	microscopy
193	SRF	Centric 10 µm	0.3690036900369	microscopy
193	SRF	Synedropsis	1.8450184501845	microscopy
193	SRF	Chaetoceros	8.85608856088561	microscopy
194	DCM	Entomoneis	0.401606425702811	microscopy
194	DCM	Pennate	8.43373493975904	microscopy
194	DCM	Synedropsis	5.62248995983936	microscopy
194	DCM	Pleurosigma	0.401606425702811	microscopy
194	DCM	Cylindrotheca	10.0401606425703	microscopy
194	DCM	Attheya	2.81124497991968	microscopy
194	DCM	Centric 10 µm	3.21285140562249	microscopy
194	DCM	Fragilariopsis	1.20481927710843	microscopy
194	DCM	Diploneis	0.401606425702811	microscopy
194	DCM	Proboscia	15.6626506024096	microscopy
194	DCM	Chaetoceros	48.995983935743	microscopy
194	DCM	Rhizosolenia	2.81124497991968	microscopy
194	SRF	Pseudo-nitzschia	33.3333333333333	microscopy
194	SRF	Chaetoceros	34.2592592592593	microscopy
194	SRF	Centric 10 µm	0.925925925925926	microscopy
194	SRF	Proboscia	0.925925925925926	microscopy
194	SRF	Attheya	4.62962962962963	microscopy
194	SRF	Rhizosolenia	1.85185185185185	microscopy
194	SRF	Synedropsis	2.77777777777778	microscopy
194	SRF	Thalassiosira	2.77777777777778	microscopy
194	SRF	Coscinodiscus	0.925925925925926	microscopy
194	SRF	Diploneis	0.925925925925926	microscopy
194	SRF	Cylindrotheca	3.7037037037037	microscopy
194	SRF	Pennate	10.1851851851852	microscopy
194	SRF	Nitzschia	1.85185185185185	microscopy
194	SRF	Fragilariopsis	0.925925925925926	microscopy
196	SRF	Pleurosigma	0.304878048780488	microscopy
196	SRF	Chaetoceros	11.280487804878	microscopy
196	SRF	Cylindrotheca	9.75609756097561	microscopy
196	SRF	Centric 10 µm	1.21951219512195	microscopy
196	SRF	Actinocyclus	0.304878048780488	microscopy
196	SRF	Proboscia	33.8414634146341	microscopy
196	SRF	Pennate	3.04878048780488	microscopy
196	SRF	Thalassiosira	40.2439024390244	microscopy
201	DCM	Centric 10 µm	1.50891632373114	microscopy
201	DCM	Attheya	0.137174211248285	microscopy
201	DCM	Rhizosolenia	0.411522633744856	microscopy
201	DCM	Dactyliosolen	1.50891632373114	microscopy
201	DCM	Fossula	15.5006858710562	microscopy
201	DCM	Pennate	0.137174211248285	microscopy
201	DCM	Synedropsis	0.137174211248285	microscopy
201	DCM	Pseudo-nitzschia	10.0137174211248	microscopy
201	DCM	Cylindrotheca	2.46913580246914	microscopy
201	DCM	Chaetoceros	66.2551440329218	microscopy
201	DCM	Thalassiosira	1.92043895747599	microscopy
201	SRF	Pseudo-nitzschia	0.476947535771065	microscopy
201	SRF	Chaetoceros	92.5278219395866	microscopy
201	SRF	Pennate	0.794912559618442	microscopy
201	SRF	Cylindrotheca	2.86168521462639	microscopy
201	SRF	Thalassiosira	2.38473767885533	microscopy
201	SRF	Centric 10 µm	0.158982511923688	microscopy
201	SRF	Rhizosolenia	0.794912559618442	microscopy
205	SRF	Attheya	0.216450216450216	microscopy
205	SRF	Chaetoceros	33.5497835497835	microscopy
205	SRF	Shionodiscus	0.649350649350649	microscopy
205	SRF	Centric 10 µm	3.67965367965368	microscopy
205	SRF	Cylindrotheca	3.8961038961039	microscopy
205	SRF	Thalassiosira	4.11255411255411	microscopy
205	SRF	Porosira	0.432900432900433	microscopy
205	SRF	Fossula	11.6883116883117	microscopy
205	SRF	Fragilariopsis	8.65800865800866	microscopy
205	SRF	Dactyliosolen	15.8008658008658	microscopy
205	SRF	Pennate	0.432900432900433	microscopy
205	SRF	Pseudo-nitzschia	16.8831168831169	microscopy
206	SRF	Chaetoceros	24.5901639344262	microscopy
206	SRF	Proboscia	1.09289617486339	microscopy
206	SRF	Pseudo-nitzschia	0.546448087431694	microscopy
206	SRF	Centric 10 µm	0.546448087431694	microscopy
206	SRF	Thalassiosira	61.2021857923497	microscopy
206	SRF	Porosira	12.0218579234973	microscopy
208	SRF	Pseudo-nitzschia	2.04081632653061	microscopy
208	SRF	Pleurosigma	1.02040816326531	microscopy
208	SRF	Centric 10 µm	3.06122448979592	microscopy
208	SRF	Porosira	25.5102040816327	microscopy
208	SRF	Chaetoceros	5.10204081632653	microscopy
208	SRF	Thalassiosira	53.0612244897959	microscopy
208	SRF	Pennate	2.04081632653061	microscopy
208	SRF	Cylindrotheca	8.16326530612245	microscopy
209	SRF	Fragilariopsis	3.00429184549356	microscopy
209	SRF	Centric 10 µm	3.86266094420601	microscopy
209	SRF	Pseudo-nitzschia	10.3004291845494	microscopy
209	SRF	Cylindrotheca	2.57510729613734	microscopy
209	SRF	Thalassiosira	29.6137339055794	microscopy
209	SRF	Porosira	12.8755364806867	microscopy
209	SRF	Chaetoceros	36.480686695279	microscopy
209	SRF	Actinocyclus	0.429184549356223	microscopy
209	SRF	Pennate	0.429184549356223	microscopy
209	SRF	Dactyliosolen	0.429184549356223	microscopy
210	SRF	Navicula	0.418410041841004	microscopy
210	SRF	Eucampia	1.25523012552301	microscopy
210	SRF	Centric 10 µm	1.67364016736402	microscopy
210	SRF	Cylindrotheca	0.836820083682008	microscopy
210	SRF	Skeletonema	2.09205020920502	microscopy
210	SRF	Chaetoceros	87.0292887029289	microscopy
210	SRF	Leptocylindrus	5.02092050209205	microscopy
210	SRF	Rhizosolenia	0.418410041841004	microscopy
210	SRF	Fragilariopsis	0.836820083682008	microscopy
210	SRF	Attheya	0.418410041841004	microscopy
